categoria;produto
Grãos e Cereais;Arroz branco
Grãos e Cereais;Arroz integral
Grãos e Cereais;Arroz parboilizado
Grãos e Cereais;Feijão preto
Grãos e Cereais;Feijão carioca
Grãos e Cereais;Feijão fradinho
Grãos e Cereais;Feijão branco
Grãos e Cereais;Feijão roxinho
Grãos e Cereais;Lentilha
Grãos e Cereais;Grão-de-bico
Grãos e Cereais;Milho para pipoca
Grãos e Cereais;Aveia em flocos
Grãos e Cereais;Aveia em flocos finos
Grãos e Cereais;Farelo de aveia
Grãos e Cereais;Quinoa
Grãos e Cereais;Cevadinha
Grãos e Cereais;Ervilha seca
Grãos e Cereais;Soja em grãos
Grãos e Cereais;Milho de canjica
Grãos e Cereais;Milho para mungunzá
Farinhas e Farináceos;Farinha de trigo
Farinhas e Farináceos;Farinha de trigo integral
Farinhas e Farináceos;Farinha de mandioca
Farinhas e Farináceos;Farinha de milho (fubá)
Farinhas e Farináceos;Amido de milho
Farinhas e Farináceos;Polvilho doce
Farinhas e Farináceos;Polvilho azedo
Farinhas e Farináceos;Goma de tapioca
Farinhas e Farináceos;Farinha de rosca
Farinhas e Farináceos;Farinha láctea
Farinhas e Farináceos;Farinha de arroz
Farinhas e Farináceos;Farinha de aveia
Farinhas e Farináceos;Mistura para bolo
Farinhas e Farináceos;Mistura para pão de queijo
Farinhas e Farináceos;Fermento em pó químico
Farinhas e Farináceos;Fermento biológico seco
Farinhas e Farináceos;Bicarbonato de sódio
Massas e Molhos;Macarrão espaguete
Massas e Molhos;Macarrão parafuso
Massas e Molhos;Macarrão penne
Massas e Molhos;Macarrão ave-maria (letrinha)
Massas e Molhos;Macarrão instantâneo (miojo)
Massas e Molhos;Massa para lasanha
Massas e Molhos;Nhoque
Massas e Molhos;Massa para pastel
Massas e Molhos;Massa para pizza pronta
Massas e Molhos;Massa folhada
Massas e Molhos;Extrato de tomate
Massas e Molhos;Molho de tomate pronto
Massas e Molhos;Molho sugo
Massas e Molhos;Molho branco (bechamel)
Massas e Molhos;Molho pesto
Massas e Molhos;Molho ao alho e óleo
Óleos, Azeites e Vinagres;Óleo de soja
Óleos, Azeites e Vinagres;Óleo de girassol
Óleos, Azeites e Vinagres;Óleo de canola
Óleos, Azeites e Vinagres;Óleo de milho
Óleos, Azeites e Vinagres;Óleo de coco
Óleos, Azeites e Vinagres;Azeite de oliva extra virgem
Óleos, Azeites e Vinagres;Azeite composto
Óleos, Azeites e Vinagres;Vinagre de álcool
Óleos, Azeites e Vinagres;Vinagre de maçã
Óleos, Azeites e Vinagres;Vinagre balsâmico
Sal, Açúcar e Adoçantes;Sal refinado
Sal, Açúcar e Adoçantes;Sal grosso
Sal, Açúcar e Adoçantes;Sal light
Sal, Açúcar e Adoçantes;Açúcar refinado
Sal, Açúcar e Adoçantes;Açúcar cristal
Sal, Açúcar e Adoçantes;Açúcar demerara
Sal, Açúcar e Adoçantes;Açúcar mascavo
Sal, Açúcar e Adoçantes;Açúcar de confeiteiro
Sal, Açúcar e Adoçantes;Adoçante líquido
Sal, Açúcar e Adoçantes;Adoçante em pó
Sal, Açúcar e Adoçantes;Adoçante em sachê
Sal, Açúcar e Adoçantes;Mel
Temperos e Condimentos;Pimenta-do-reino
Temperos e Condimentos;Páprica doce
Temperos e Condimentos;Páprica picante
Temperos e Condimentos;Orégano
Temperos e Condimentos;Folha de louro
Temperos e Condimentos;Cominho
Temperos e Condimentos;Colorau
Temperos e Condimentos;Açafrão
Temperos e Condimentos;Canela em pó
Temperos e Condimentos;Canela em pau
Temperos e Condimentos;Cravo-da-índia
Temperos e Condimentos;Noz-moscada
Temperos e Condimentos;Alho em pó
Temperos e Condimentos;Cebola em pó
Temperos e Condimentos;Tempero completo
Temperos e Condimentos;Caldo de galinha
Temperos e Condimentos;Caldo de carne
Temperos e Condimentos;Caldo de legumes
Temperos e Condimentos;Molho shoyu
Temperos e Condimentos;Molho inglês
Temperos e Condimentos;Molho de pimenta
Temperos e Condimentos;Molho barbecue
Temperos e Condimentos;Maionese
Temperos e Condimentos;Ketchup
Temperos e Condimentos;Mostarda
Temperos e Condimentos;Vinagrete pronto
Café, Chás e Matinais;Café torrado e moído
Café, Chás e Matinais;Café solúvel
Café, Chás e Matinais;Café em cápsulas
Café, Chás e Matinais;Chá mate
Café, Chás e Matinais;Chá de camomila
Café, Chás e Matinais;Chá verde
Café, Chás e Matinais;Chá preto
Café, Chás e Matinais;Chá de erva-doce
Café, Chás e Matinais;Cereal matinal (flocos de milho)
Café, Chás e Matinais;Granola
Café, Chás e Matinais;Achocolatado em pó
Café, Chás e Matinais;Achocolatado líquido
Café, Chás e Matinais;Leite em pó integral
Café, Chás e Matinais;Leite em pó desnatado
Café, Chás e Matinais;Mingau instantâneo
Enlatados e Conservas;Milho verde em conserva
Enlatados e Conservas;Ervilha em conserva
Enlatados e Conservas;Seleta de legumes
Enlatados e Conservas;Atum em lata (óleo)
Enlatados e Conservas;Atum em lata (água)
Enlatados e Conservas;Sardinha em lata
Enlatados e Conservas;Extrato de tomate em lata
Enlatados e Conservas;Azeitona verde
Enlatados e Conservas;Azeitona preta
Enlatados e Conservas;Palmito em conserva
Enlatados e Conservas;Pepino em conserva (picles)
Enlatados e Conservas;Cogumelo em conserva
Enlatados e Conservas;Pupunha em conserva
Enlatados e Conservas;Feijão em conserva
Enlatados e Conservas;Grão-de-bico em conserva
Enlatados e Conservas;Molho de tomate em lata
Biscoitos e Salgadinhos;Biscoito cream cracker
Biscoitos e Salgadinhos;Biscoito água e sal
Biscoitos e Salgadinhos;Biscoito maisena
Biscoitos e Salgadinhos;Biscoito recheado
Biscoitos e Salgadinhos;Biscoito wafer
Biscoitos e Salgadinhos;Bolacha maria
Biscoitos e Salgadinhos;Torrada
Biscoitos e Salgadinhos;Salgadinho de milho
Biscoitos e Salgadinhos;Batata chips
Biscoitos e Salgadinhos;Pipoca de micro-ondas
Biscoitos e Salgadinhos;Amendoim torrado
Biscoitos e Salgadinhos;Castanha de caju
Biscoitos e Salgadinhos;Mix de castanhas
Biscoitos e Salgadinhos;Torresmo
Doces, Sobremesas e Chocolates;Chocolate ao leite (barra)
Doces, Sobremesas e Chocolates;Chocolate meio amargo
Doces, Sobremesas e Chocolates;Chocolate branco
Doces, Sobremesas e Chocolates;Bombom
Doces, Sobremesas e Chocolates;Bala de goma
Doces, Sobremesas e Chocolates;Bala de caramelo
Doces, Sobremesas e Chocolates;Pirulito
Doces, Sobremesas e Chocolates;Chiclete
Doces, Sobremesas e Chocolates;Gelatina em pó
Doces, Sobremesas e Chocolates;Pudim em pó
Doces, Sobremesas e Chocolates;Doce de leite
Doces, Sobremesas e Chocolates;Goiabada
Doces, Sobremesas e Chocolates;Marshmallow
Doces, Sobremesas e Chocolates;Cobertura para bolo
Doces, Sobremesas e Chocolates;Granulado de chocolate
Doces, Sobremesas e Chocolates;Leite condensado
Doces, Sobremesas e Chocolates;Creme de leite
Doces, Sobremesas e Chocolates;Recheio para bolo
Doces, Sobremesas e Chocolates;Mousse em pó
Bebidas Não Alcoólicas;Água mineral sem gás
Bebidas Não Alcoólicas;Água mineral com gás
Bebidas Não Alcoólicas;Refrigerante cola
Bebidas Não Alcoólicas;Refrigerante guaraná
Bebidas Não Alcoólicas;Refrigerante laranja
Bebidas Não Alcoólicas;Refrigerante limão
Bebidas Não Alcoólicas;Suco de caixinha
Bebidas Não Alcoólicas;Suco concentrado
Bebidas Não Alcoólicas;Néctar de fruta
Bebidas Não Alcoólicas;Refresco em pó
Bebidas Não Alcoólicas;Água de coco
Bebidas Não Alcoólicas;Energético
Bebidas Não Alcoólicas;Isotônico
Bebidas Não Alcoólicas;Chá gelado pronto
Bebidas Alcoólicas;Cerveja pilsen
Bebidas Alcoólicas;Cerveja puro malte
Bebidas Alcoólicas;Cerveja artesanal
Bebidas Alcoólicas;Chope
Bebidas Alcoólicas;Vinho tinto
Bebidas Alcoólicas;Vinho branco
Bebidas Alcoólicas;Vinho rosé
Bebidas Alcoólicas;Espumante
Bebidas Alcoólicas;Vodka
Bebidas Alcoólicas;Whisky
Bebidas Alcoólicas;Cachaça
Bebidas Alcoólicas;Gin
Bebidas Alcoólicas;Rum
Bebidas Alcoólicas;Licor
Bebidas Alcoólicas;Sidra
Laticínios;Leite integral
Laticínios;Leite desnatado
Laticínios;Leite semidesnatado
Laticínios;Leite sem lactose
Laticínios;Iogurte natural
Laticínios;Iogurte grego
Laticínios;Iogurte líquido
Laticínios;Queijo mussarela
Laticínios;Queijo prato
Laticínios;Queijo minas frescal
Laticínios;Queijo parmesão
Laticínios;Queijo coalho
Laticínios;Queijo cottage
Laticínios;Requeijão cremoso
Laticínios;Manteiga
Laticínios;Margarina
Laticínios;Creme de leite fresco
Laticínios;Chantilly
Laticínios;Bebida láctea
Padaria e Confeitaria;Pão francês
Padaria e Confeitaria;Pão de forma
Padaria e Confeitaria;Pão integral
Padaria e Confeitaria;Pão doce
Padaria e Confeitaria;Pão de hambúrguer
Padaria e Confeitaria;Pão de hot dog
Padaria e Confeitaria;Pão sírio
Padaria e Confeitaria;Bolo pronto
Padaria e Confeitaria;Rosca
Padaria e Confeitaria;Croissant
Padaria e Confeitaria;Biscoito amanteigado
Padaria e Confeitaria;Pão de queijo assado
Padaria e Confeitaria;Torta doce
Padaria e Confeitaria;Torta salgada
Frios e Embutidos;Presunto
Frios e Embutidos;Mortadela
Frios e Embutidos;Salame
Frios e Embutidos;Blanquet de peru
Frios e Embutidos;Apresuntado
Frios e Embutidos;Salsicha
Frios e Embutidos;Linguiça calabresa
Frios e Embutidos;Linguiça toscana
Frios e Embutidos;Bacon
Frios e Embutidos;Copa
Frios e Embutidos;Pepperoni
Carnes;Picanha
Carnes;Alcatra
Carnes;Patinho
Carnes;Acém
Carnes;Contrafilé
Carnes;Carne moída
Carnes;Costela bovina
Carnes;Lombo suíno
Carnes;Pernil suíno
Carnes;Costela suína
Carnes;Frango inteiro
Carnes;Peito de frango
Carnes;Coxa e sobrecoxa de frango
Carnes;Asa de frango
Carnes;Carne de carneiro/cordeiro
Peixes e Frutos do Mar;Filé de tilápia
Peixes e Frutos do Mar;Filé de merluza
Peixes e Frutos do Mar;Salmão
Peixes e Frutos do Mar;Camarão
Peixes e Frutos do Mar;Lula
Peixes e Frutos do Mar;Polvo
Peixes e Frutos do Mar;Bacalhau salgado
Peixes e Frutos do Mar;Peixe empanado congelado
Hortifruti – Frutas;Banana
Hortifruti – Frutas;Maçã
Hortifruti – Frutas;Laranja
Hortifruti – Frutas;Mamão
Hortifruti – Frutas;Melancia
Hortifruti – Frutas;Melão
Hortifruti – Frutas;Uva
Hortifruti – Frutas;Abacaxi
Hortifruti – Frutas;Manga
Hortifruti – Frutas;Limão
Hortifruti – Frutas;Morango
Hortifruti – Frutas;Pera
Hortifruti – Frutas;Abacate
Hortifruti – Frutas;Mexerica
Hortifruti – Frutas;Kiwi
Hortifruti – Verduras e Legumes;Alface
Hortifruti – Verduras e Legumes;Tomate
Hortifruti – Verduras e Legumes;Cebola
Hortifruti – Verduras e Legumes;Batata
Hortifruti – Verduras e Legumes;Cenoura
Hortifruti – Verduras e Legumes;Couve
Hortifruti – Verduras e Legumes;Brócolis
Hortifruti – Verduras e Legumes;Pepino
Hortifruti – Verduras e Legumes;Abobrinha
Hortifruti – Verduras e Legumes;Chuchu
Hortifruti – Verduras e Legumes;Pimentão
Hortifruti – Verduras e Legumes;Repolho
Hortifruti – Verduras e Legumes;Beterraba
Hortifruti – Verduras e Legumes;Batata-doce
Hortifruti – Verduras e Legumes;Mandioca
Hortifruti – Verduras e Legumes;Alho
Hortifruti – Verduras e Legumes;Vagem
Hortifruti – Verduras e Legumes;Quiabo
Hortifruti – Verduras e Legumes;Espinafre
Hortifruti – Verduras e Legumes;Rúcula
Congelados;Batata frita congelada
Congelados;Hambúrguer congelado
Congelados;Nuggets de frango
Congelados;Lasanha congelada
Congelados;Pizza congelada
Congelados;Legumes congelados
Congelados;Polpa de fruta congelada
Congelados;Açaí congelado
Congelados;Salgados congelados (coxinha, kibe)
Congelados;Pão de queijo congelado
Congelados;Empanados de frango
Sorvetes e Gelados;Sorvete de massa
Sorvetes e Gelados;Picolé de fruta
Sorvetes e Gelados;Picolé de creme
Sorvetes e Gelados;Casquinha de sorvete
Sorvetes e Gelados;Sorvete em pote
Sorvetes e Gelados;Açaí para sobremesa
Produtos de Limpeza;Detergente líquido
Produtos de Limpeza;Sabão em pó
Produtos de Limpeza;Sabão em barra
Produtos de Limpeza;Água sanitária
Produtos de Limpeza;Desinfetante
Produtos de Limpeza;Amaciante de roupas
Produtos de Limpeza;Limpador multiuso
Produtos de Limpeza;Limpa vidros
Produtos de Limpeza;Esponja de aço
Produtos de Limpeza;Esponja multiuso
Produtos de Limpeza;Saco de lixo
Produtos de Limpeza;Álcool líquido
Produtos de Limpeza;Álcool em gel
Produtos de Limpeza;Cera para piso
Produtos de Limpeza;Tira-manchas
Produtos de Limpeza;Alvejante
Produtos de Limpeza;Sabão em barra para lavar louça
Produtos de Limpeza;Desengordurante
Higiene Pessoal;Sabonete em barra
Higiene Pessoal;Sabonete líquido
Higiene Pessoal;Shampoo
Higiene Pessoal;Condicionador
Higiene Pessoal;Creme dental
Higiene Pessoal;Escova de dente
Higiene Pessoal;Fio dental
Higiene Pessoal;Enxaguante bucal
Higiene Pessoal;Desodorante
Higiene Pessoal;Papel higiênico
Higiene Pessoal;Absorvente feminino
Higiene Pessoal;Fralda descartável adulto
Higiene Pessoal;Lâmina de barbear
Higiene Pessoal;Creme de barbear
Higiene Pessoal;Algodão
Higiene Pessoal;Cotonete
Higiene Pessoal;Hastes flexíveis
Higiene Pessoal;Protetor solar
Higiene e Cuidados do Bebê;Fralda descartável infantil
Higiene e Cuidados do Bebê;Lenço umedecido
Higiene e Cuidados do Bebê;Shampoo infantil
Higiene e Cuidados do Bebê;Sabonete infantil
Higiene e Cuidados do Bebê;Pomada para assaduras
Higiene e Cuidados do Bebê;Óleo para bebê
Higiene e Cuidados do Bebê;Talco
Higiene e Cuidados do Bebê;Mamadeira
Higiene e Cuidados do Bebê;Chupeta
Higiene e Cuidados do Bebê;Fórmula infantil (leite em pó)
Higiene e Cuidados do Bebê;Papinha industrializada
Produtos para Pets;Ração para cães
Produtos para Pets;Ração para gatos
Produtos para Pets;Petisco para cães
Produtos para Pets;Areia sanitária para gatos
Produtos para Pets;Shampoo para pets
Produtos para Pets;Brinquedo para pets
Produtos para Pets;Coleira
Produtos para Pets;Comedouro/bebedouro
Utilidades Domésticas e Descartáveis;Papel alumínio
Utilidades Domésticas e Descartáveis;Filme plástico (PVC)
Utilidades Domésticas e Descartáveis;Papel toalha
Utilidades Domésticas e Descartáveis;Guardanapo
Utilidades Domésticas e Descartáveis;Copo descartável
Utilidades Domésticas e Descartáveis;Prato descartável
Utilidades Domésticas e Descartáveis;Talher descartável
Utilidades Domésticas e Descartáveis;Saco para freezer
Utilidades Domésticas e Descartáveis;Potes plásticos herméticos
Utilidades Domésticas e Descartáveis;Fósforo
Utilidades Domésticas e Descartáveis;Vela
Bazar e Casa;Panela
Bazar e Casa;Frigideira
Bazar e Casa;Jogo de talheres
Bazar e Casa;Pratos e travessas
Bazar e Casa;Copos de vidro
Bazar e Casa;Garrafa térmica
Bazar e Casa;Vassoura
Bazar e Casa;Rodo
Bazar e Casa;Balde
Bazar e Casa;Pá de lixo
Bazar e Casa;Luva de limpeza
Bazar e Casa;Varal
Bazar e Casa;Pregador de roupa
Bazar e Casa;Cabide
Papelaria e Escritório;Caderno
Papelaria e Escritório;Caneta
Papelaria e Escritório;Lápis
Papelaria e Escritório;Borracha
Papelaria e Escritório;Papel sulfite
Papelaria e Escritório;Envelope
Papelaria e Escritório;Fita adesiva
Papelaria e Escritório;Cola branca
Papelaria e Escritório;Tesoura
Papelaria e Escritório;Calculadora
Papelaria e Escritório;Pasta plástica
Produtos Naturais, Diet e Fitness;Leite de amêndoas
Produtos Naturais, Diet e Fitness;Leite de aveia
Produtos Naturais, Diet e Fitness;Granola sem açúcar
Produtos Naturais, Diet e Fitness;Geleia diet
Produtos Naturais, Diet e Fitness;Adoçante à base de stevia
Produtos Naturais, Diet e Fitness;Tofu
Produtos Naturais, Diet e Fitness;Proteína de soja texturizada
Produtos Naturais, Diet e Fitness;Mix de sementes
Produtos Naturais, Diet e Fitness;Chia
Produtos Naturais, Diet e Fitness;Linhaça
Produtos Naturais, Diet e Fitness;Farinha de amêndoas
Produtos Naturais, Diet e Fitness;Barra de cereal
Produtos Naturais, Diet e Fitness;Whey protein
Churrasco e Piquenique;Carvão
Churrasco e Piquenique;Sal grosso para churrasco
Churrasco e Piquenique;Espeto de churrasco
Churrasco e Piquenique;Carvão em briquete
Churrasco e Piquenique;Acendedor de carvão
Churrasco e Piquenique;Farofa pronta
Churrasco e Piquenique;Vinagrete pronto para churrasco
Churrasco e Piquenique;Pão de alho congelado
Automotivo;Óleo lubrificante automotivo
Automotivo;Aditivo para radiador
Automotivo;Água destilada
Automotivo;Palheta de limpador de para-brisa
Automotivo;Limpador de para-brisa (fluido)
Automotivo;Odorizador automotivo
Tabacaria e Diversos;Cigarro (maço)
Tabacaria e Diversos;Isqueiro
Tabacaria e Diversos;Pilha
Tabacaria e Diversos;Bateria alcalina
